id;first_name;middle_name;last_name;email;phone;address;city;state;postal_code;country;social_media_profiles;notes;created_by
1;Sergi;athwart ugh;Gaitán Moreno;"V!b\O@3.]S.+=";"29397158866";nippy;Alcalá de Guadaira;phooey through rationale;"61229";Hong Kong;inasmuch;../fake-data/blob/hipster.txt;28073
2;Ángela;cheerfully barring furiously;Aponte Colón;"#k`{@o_WxP.bJ;0";"+77756";rosy;El Ejido;absent;"47275-0556";Italia;exactly;../fake-data/blob/hipster.txt;22694
3;Iván;hm before;Rubio Casillas;"ez@$.:;Y.tP";"+21";failing bah newsletter;Gecho;when supposing enroll;"25335-0862";Eslovenia;amongst;../fake-data/blob/hipster.txt;6165
4;Mario;meanwhile unwritten impolite;Ybarra Calvillo;"\_.ue`@eRk:A.AM;9M";"1591264";baggy;Guadalajara;um;"98849";Islandia;unexpectedly;../fake-data/blob/hipster.txt;29771
5;Virginia;hence tuber inasmuch;Puga Valadez;"~@nQ.]";"61847";mosh address;La Coruña;bah;"41511-6629";Bangladesh;whether;../fake-data/blob/hipster.txt;30677
6;Víctor;across ick scamper;Gómez Ávalos;"Rm8@U.D";"+265512206404";quit boo unaccountably;Torrevieja;responsible;"12463-5380";Camerún;wasteful whistle yowza;../fake-data/blob/hipster.txt;13802
7;María Teresa;perspire unabashedly;Villalpando Barrientos;"Qc>]B@I#.=[+J9:";"+1356";towards;Majadahonda;extract extremely;"34665";Andorra;smoothly bathrobe pfft;../fake-data/blob/hipster.txt;10419
8;Roser;through annual;Ramos de Jesús;"gdD5$n@r}t7.J]5Ax";"6637947436733";uselessly whether;Salamanca;lasting ad provided;"01480";Tunez;phooey opposite deny;../fake-data/blob/hipster.txt;3135
9;Luis;um;Ortega Olivo;"Y@mP3.uxwb4n";"+1083775";underneath lumbering yuck;Tarrasa;space;"26388-8354";Iran;hope confirm pfft;../fake-data/blob/hipster.txt;8951
10;Emilia;capsize pfft;Feliciano Soliz;"OR{Ska@>Nl=Cq.E_";"+2927663592";gripper indeed;Arrecife;scrabble service than;"95758";Tunez;oh;../fake-data/blob/hipster.txt;585
