id;first_name;middle_name;last_name;email;phone;address;city;state;postal_code;country;social_media_profiles;notes;preferences;budget;rental_budget;interaction_history;created_by
1;Martín;finer hmph;Villanueva Vargas;";6U@<+h.uNt~";"+439761562900";to yuck vacantly;Estepona;furiously;"64187-8969";Luxemburgo;fluffy really;../fake-data/blob/hipster.txt;notarize quarrelsomely;3072.48;6709.97;../fake-data/blob/hipster.txt;25273
2;Felipe;bloom;Olivares Roque;"=I/~x@W_,tUf.M";"64029525";gladly;Santa Cruz de Tenerife;grown;"68437";Perú;even deserted;../fake-data/blob/hipster.txt;kaleidoscopic pace pharmacopoeia;10239.51;7765.35;../fake-data/blob/hipster.txt;114
3;Rocío;tightly mmm;Pelayo Munguía;"%-*[@VMO.Y";"+233998477251334";pluck toe tut;Alcalá de Henares;because;"97738-6877";Eslovaquia;yuck inasmuch;../fake-data/blob/hipster.txt;official loosely;22716.49;15753.56;../fake-data/blob/hipster.txt;13741
4;Reina;sarong for;Tejeda Galarza;")c*@c?z).'Uz";"8670865044";amidst inquisitively;Pozuelo de Alarcón;whereas immediately;"60629";Zimbabwe;furiously as tenement;../fake-data/blob/hipster.txt;thorn throughout;3392.79;7902.83;../fake-data/blob/hipster.txt;26956
5;Alejandro;brr whose vast;Carrera Gómez;"^)zkhJ@wV].3Uf";"242187";longboat;Alcorcón;ick wonderfully amidst;"42808-6455";Namibia;fax well-made;../fake-data/blob/hipster.txt;frail quadruple;14260.19;24766.73;../fake-data/blob/hipster.txt;9830
6;Sofía;artistic incidentally huzzah;Bustamante Gamboa;")D*@=*.N7Ft(-";"+86349";fooey pfft swerve;Torrelavega;blind;"49218-2416";Congo;er geez;../fake-data/blob/hipster.txt;unless;32656.16;17926.16;../fake-data/blob/hipster.txt;17736
7;Reina;how violin well;Baca Castañeda;"ao9?n@bWM9*l.A.XyOf";"+841855";crocodile pixellate;Dos Hermanas;membership out pertinent;"77353-8368";Arabia Saudí;meh willfully;../fake-data/blob/hipster.txt;unimportant dearly;16082.79;16254.73;../fake-data/blob/hipster.txt;4540
8;Olivia;intervention quaff other;Maestas Díaz;"j_I\@D.m";"4914864951";within quietly hopelessly;Santander;grave reassuringly;"37993-6280";Azerbayán;dream;../fake-data/blob/hipster.txt;boo swordfish hamburger;8039.62;5132.11;../fake-data/blob/hipster.txt;21213
9;Cristóbal;commonly why;Lira Montero;"[N6I@,7.w";"62661926";gah huzzah once;Madrid;pace naturally till;"02132-7348";Timor-Leste;hundred hoof;../fake-data/blob/hipster.txt;fork;17671.32;24520.16;../fake-data/blob/hipster.txt;898
10;Pedro;perfectly likable graduate;Zambrano Urrutia;"l&]@`.[(";"+166893203523";peninsula amid;Coslada;dusk upbeat;"71297-4404";Moldavia;midwife on;../fake-data/blob/hipster.txt;inexperienced clean;1443.04;10808.35;../fake-data/blob/hipster.txt;9470
